IP,PORT,匿名度,类型,位置,响应速度,最后验证时间
113.13.160.119,9999,高匿名,HTTP,广西壮族自治区柳州市 电信,3秒,2019-01-28 16:30:52
221.226.163.214,9999,高匿名,HTTP,江苏省南京市 电信,3秒,2019-01-28 15:31:01
219.159.38.201,56210,高匿名,HTTP,内蒙古自治区赤峰市 联通,2秒,2019-01-28 14:31:01
111.177.161.230,9999,高匿名,HTTP,湖北省随州市 电信,3秒,2019-01-28 13:31:01
111.177.179.189,9999,高匿名,HTTP,湖北省随州市 电信,2秒,2019-01-28 12:31:01
119.101.126.9,9999,高匿名,HTTP,湖北省潜江市 电信,1秒,2019-01-28 11:31:01
111.177.165.62,9999,高匿名,HTTP,湖北省随州市 电信,0.5秒,2019-01-28 10:31:01
119.101.125.180,9999,高匿名,HTTP,湖北省潜江市 电信,3秒,2019-01-28 09:29:26
222.217.68.51,39682,高匿名,HTTP,广西壮族自治区柳州市 电信,秒,2019-01-28 08:29:52
113.103.151.56,3128,高匿名,HTTP,广东省珠海市 电信,秒,2019-01-28 07:29:22
58.240.7.195,32558,高匿名,HTTP,江苏省盐城市 联通,秒,2019-01-28 06:28:49
180.103.60.93,9999,高匿名,HTTP,江苏省扬州市 电信,秒,2019-01-28 05:30:20
119.101.125.75,9999,高匿名,HTTP,湖北省潜江市 电信,2秒,2019-01-28 04:29:46
119.101.124.223,9999,高匿名,HTTP,湖北省潜江市 电信,2秒,2019-01-28 03:30:16
58.210.133.98,54840,高匿名,HTTP,江苏省苏州市 电信,0.3秒,2019-01-28 02:29:50
